"","plate","well","sample","library","protocol","pcr","barcode_name","barcode_sequence","conc","flags","class","sv_mm","site_name","gps_code","lat","long","m_a_s_l_gps","date","time","swabbed","recaptur_new","kh_note","p_h_mean","p_h_sd","p_h_n","p_h_fp_mean","p_h_fp_sd","p_h_fp_n","site","withinsite_options","note_on_withinsite_split","ws_p_h_mean","ws_p_h_sd","ws_p_h_n","ws_p_h_fp_mean","ws_p_h_fp_sd","ws_p_h_fp_n","pit_tag_code","elastomer","colour_left","colour_right","notes","people_on_trip","sampletype","study","timepoint","id","is_negative"
"10MR",1,"A7","10MR","10MR-l1","Other","none","UDP0241","TGAACGCGGA-CTTCGAAGGA",NA,NA,"",NA,"","",NA,NA,NA,"","","","","",NA,NA,NA,NA,NA,NA,"","","",NA,NA,NA,NA,NA,NA,"","","","","","","frog","temporal","PreTranslocation",10,FALSE
"11FR",1,"C8","11FR","11FR-l1","Other","none","UDP0251","GCGTATTAAT-TGCGGTGTTG",NA,NA,"",NA,"","",NA,NA,NA,"","","","","",NA,NA,NA,NA,NA,NA,"","","",NA,NA,NA,NA,NA,NA,"","","","","","","frog","temporal","PreTranslocation",11,FALSE
"12FW",1,"D8","12FW","12FW-l1","Other","none","UDP0252V2","CCGAATCTGG-ATGAATCAAG",NA,NA,"",NA,"","",NA,NA,NA,"","","","","",NA,NA,NA,NA,NA,NA,"","","",NA,NA,NA,NA,NA,NA,"","","","","","","frog","temporal","PreTranslocation",12,FALSE
"13MS",1,"E8","13MS","13MS-l1","Other","none","UDP0253","TCTCAATACC-GACGTTCGCG",NA,NA,"",NA,"","",NA,NA,NA,"","","","","",NA,NA,NA,NA,NA,NA,"","","",NA,NA,NA,NA,NA,NA,"","","","","","","frog","temporal","PreTranslocation",13,FALSE
"13MS_2",1,"A9","13MS_2","13MS_2-l1","Other","none","UDP0257","GTAACAATCT-CTCTGTATAC",NA,NA,"",NA,"","",NA,NA,NA,"","","","","",NA,NA,NA,NA,NA,NA,"","","",NA,NA,NA,NA,NA,NA,"","","","","","","frog","temporal","PostTranslocation",13,FALSE
"14_2",1,"D9","14_2","14_2-l1","Other","none","UDP0260","GGCGCCATTG-ACCGCGCAAT",NA,NA,"",NA,"","",NA,NA,NA,"","","","","",NA,NA,NA,NA,NA,NA,"","","",NA,NA,NA,NA,NA,NA,"","","","","","","frog","temporal","PostTranslocation",14,FALSE
"14FR",1,"F8","14FR","14FR-l1","Other","none","UDP0254","AAGCATCTTG-CATTCAACAA",NA,NA,"",NA,"","",NA,NA,NA,"","","","","",NA,NA,NA,NA,NA,NA,"","","",NA,NA,NA,NA,NA,NA,"","","","","","","frog","temporal","PreTranslocation",14,FALSE
"1FR",1,"B8","1FR","1FR-l1","Other","none","UDP0250","CAACGTTCGG-GGATCCGCAT",NA,NA,"",NA,"","",NA,NA,NA,"","","","","",NA,NA,NA,NA,NA,NA,"","","",NA,NA,NA,NA,NA,NA,"","","","","","","frog","temporal","PreTranslocation",1,FALSE
"2_2",1,"G9","2_2","2_2-l1","Other","none","UDP0263","CACACAGTAT-TTGAGCCTAA",NA,NA,"",NA,"","",NA,NA,NA,"","","","","",NA,NA,NA,NA,NA,NA,"","","",NA,NA,NA,NA,NA,NA,"","","","","","","frog","temporal","PostTranslocation",2,FALSE
"2FR",1,"A8","2FR","2FR-l1","Other","none","UDP0249","ATGTCCAGCA-CAGCGGACAA",NA,NA,"",NA,"","",NA,NA,NA,"","","","","",NA,NA,NA,NA,NA,NA,"","","",NA,NA,NA,NA,NA,NA,"","","","","","","frog","temporal","PreTranslocation",2,FALSE
"3_2",1,"C9","3_2","3_2-l1","Other","none","UDP0259","TCATACCGTT-GGTAACGCAG",NA,NA,"",NA,"","",NA,NA,NA,"","","","","",NA,NA,NA,NA,NA,NA,"","","",NA,NA,NA,NA,NA,NA,"","","","","","","frog","temporal","PostTranslocation",3,FALSE
"3FR",1,"H7","3FR","3FR-l1","Other","none","UDP0248","TCCAGAGATC-CTGCACTTCA",NA,NA,"",NA,"","",NA,NA,NA,"","","","","",NA,NA,NA,NA,NA,NA,"","","",NA,NA,NA,NA,NA,NA,"","","","","","","frog","temporal","PreTranslocation",3,FALSE
"4MR",1,"G7","4MR","4MR-l1","Other","none","UDP0247","ATGGCGTGCC-CGCTTGAAGT",NA,NA,"",NA,"","",NA,NA,NA,"","","","","",NA,NA,NA,NA,NA,NA,"","","",NA,NA,NA,NA,NA,NA,"","","","","","","frog","temporal","PreTranslocation",4,FALSE
"4MR_2",1,"H8","4MR_2","4MR_2-l1","Other","none","UDP0256","TGCAAGATAA-TTGAGGACGG",NA,NA,"",NA,"","",NA,NA,NA,"","","","","",NA,NA,NA,NA,NA,NA,"","","",NA,NA,NA,NA,NA,NA,"","","","","","","frog","temporal","PostTranslocation",4,FALSE
"5MS",1,"F7","5MS","5MS-l1","Other","none","UDP0246","ATTATCCACT-TACGCACGTA",NA,NA,"",NA,"","",NA,NA,NA,"","","","","",NA,NA,NA,NA,NA,NA,"","","",NA,NA,NA,NA,NA,NA,"","","","","","","frog","temporal","PreTranslocation",5,FALSE
"6_2",1,"F9","6_2","6_2-l1","Other","none","UDP0262","TTAGACCATG-TCCTAGGAAG",NA,NA,"",NA,"","",NA,NA,NA,"","","","","",NA,NA,NA,NA,NA,NA,"","","",NA,NA,NA,NA,NA,NA,"","","","","","","frog","temporal","PostTranslocation",6,FALSE
"6MR",1,"E7","6MR","6MR-l1","Other","none","UDP0245","CACTAGACCA-ACTGCCTTAT",NA,NA,"",NA,"","",NA,NA,NA,"","","","","",NA,NA,NA,NA,NA,NA,"","","",NA,NA,NA,NA,NA,NA,"","","","","","","frog","temporal","PreTranslocation",6,FALSE
"7_2",1,"B9","7_2","7_2-l1","Other","none","UDP0258V2","CCATGGTATA-TCTCGCGGAG",NA,NA,"",NA,"","",NA,NA,NA,"","","","","",NA,NA,NA,NA,NA,NA,"","","",NA,NA,NA,NA,NA,NA,"","","","","","","frog","temporal","PostTranslocation",7,FALSE
"7FR",1,"D7","7FR","7FR-l1","Other","none","UDP0244","ATCCTCTCAA-TCCGCAAGGC",NA,NA,"",NA,"","",NA,NA,NA,"","","","","",NA,NA,NA,NA,NA,NA,"","","",NA,NA,NA,NA,NA,NA,"","","","","","","frog","temporal","PreTranslocation",7,FALSE
"8FR",1,"C7","8FR","8FR-l1","Other","none","UDP0243","TTCATGGTTC-GACATTGTCA",NA,NA,"",NA,"","",NA,NA,NA,"","","","","",NA,NA,NA,NA,NA,NA,"","","",NA,NA,NA,NA,NA,NA,"","","","","","","frog","temporal","PreTranslocation",8,FALSE
"9FR",1,"G8","9FR","9FR-l1","Other","none","UDP0255","TCAGTCTCGT-CACGGATTAT",NA,NA,"",NA,"","",NA,NA,NA,"","","","","",NA,NA,NA,NA,NA,NA,"","","",NA,NA,NA,NA,NA,NA,"","","","","","","frog","temporal","PreTranslocation",9,FALSE
"9FR_2",1,"B7","9FR_2","9FR_2-l1","Other","none","UDP0242","CCTGCAACCT-GTAGAGTCAG",NA,NA,"",NA,"","",NA,NA,NA,"","","","","",NA,NA,NA,NA,NA,NA,"","","",NA,NA,NA,NA,NA,NA,"","","","","","","frog","temporal","PostTranslocation",9,FALSE
